"","Participant.Public.ID","Response","Object.Name","Spreadsheet..Audio"
"1","TEAM_YA_029",33,"Anxious Slider","12_pieceA_joyous_sad_anxious_9.mp3"
"2","TEAM_YA_029",19,"Satisfied Slider","12_pieceA_joyous_sad_anxious_9.mp3"
"3","TEAM_YA_029",22,"Angry Slider","12_pieceA_joyous_sad_anxious_9.mp3"
"4","TEAM_YA_029",4,"Excited Slider","12_pieceA_joyous_sad_anxious_9.mp3"
"5","TEAM_YA_029",0,"Happy Slider","12_pieceA_joyous_sad_anxious_9.mp3"
"6","TEAM_YA_029",10,"Disgusted Slider","12_pieceA_joyous_sad_anxious_9.mp3"
"7","TEAM_YA_029",17,"Sad Slider","12_pieceA_joyous_sad_anxious_9.mp3"
"8","TEAM_YA_029",3,"Proud Slider","12_pieceA_joyous_sad_anxious_9.mp3"
"9","TEAM_YA_029",14,"Scared Slider","12_pieceA_joyous_sad_anxious_9.mp3"
"10","TEAM_YA_029",0,"Joyful Slider","12_pieceA_joyous_sad_anxious_9.mp3"
"11","TEAM_YA_029",9,"Anxious Slider","5_pieceB_calm_sad_anxious_7.mp3"
"12","TEAM_YA_029",36,"Satisfied Slider","5_pieceB_calm_sad_anxious_7.mp3"
"13","TEAM_YA_029",0,"Angry Slider","5_pieceB_calm_sad_anxious_7.mp3"
"14","TEAM_YA_029",28,"Excited Slider","5_pieceB_calm_sad_anxious_7.mp3"
"15","TEAM_YA_029",26,"Happy Slider","5_pieceB_calm_sad_anxious_7.mp3"
"16","TEAM_YA_029",0,"Disgusted Slider","5_pieceB_calm_sad_anxious_7.mp3"
"17","TEAM_YA_029",12,"Sad Slider","5_pieceB_calm_sad_anxious_7.mp3"
"18","TEAM_YA_029",16,"Proud Slider","5_pieceB_calm_sad_anxious_7.mp3"
"19","TEAM_YA_029",1,"Scared Slider","5_pieceB_calm_sad_anxious_7.mp3"
"20","TEAM_YA_029",24,"Joyful Slider","5_pieceB_calm_sad_anxious_7.mp3"
"21","TEAM_YA_029",8,"Anxious Slider","12_pieceA_joyous_sad_anxious_2.mp3"
"22","TEAM_YA_029",36,"Satisfied Slider","12_pieceA_joyous_sad_anxious_2.mp3"
"23","TEAM_YA_029",0,"Angry Slider","12_pieceA_joyous_sad_anxious_2.mp3"
"24","TEAM_YA_029",39,"Excited Slider","12_pieceA_joyous_sad_anxious_2.mp3"
"25","TEAM_YA_029",22,"Happy Slider","12_pieceA_joyous_sad_anxious_2.mp3"
"26","TEAM_YA_029",0,"Disgusted Slider","12_pieceA_joyous_sad_anxious_2.mp3"
"27","TEAM_YA_029",10,"Sad Slider","12_pieceA_joyous_sad_anxious_2.mp3"
"28","TEAM_YA_029",30,"Proud Slider","12_pieceA_joyous_sad_anxious_2.mp3"
"29","TEAM_YA_029",10,"Scared Slider","12_pieceA_joyous_sad_anxious_2.mp3"
"30","TEAM_YA_029",25,"Joyful Slider","12_pieceA_joyous_sad_anxious_2.mp3"
"31","TEAM_YA_029",24,"Anxious Slider","12_pieceA_joyous_sad_anxious_3.mp3"
"32","TEAM_YA_029",17,"Satisfied Slider","12_pieceA_joyous_sad_anxious_3.mp3"
"33","TEAM_YA_029",6,"Angry Slider","12_pieceA_joyous_sad_anxious_3.mp3"
"34","TEAM_YA_029",9,"Excited Slider","12_pieceA_joyous_sad_anxious_3.mp3"
"35","TEAM_YA_029",9,"Happy Slider","12_pieceA_joyous_sad_anxious_3.mp3"
"36","TEAM_YA_029",6,"Disgusted Slider","12_pieceA_joyous_sad_anxious_3.mp3"
"37","TEAM_YA_029",15,"Sad Slider","12_pieceA_joyous_sad_anxious_3.mp3"
"38","TEAM_YA_029",0,"Proud Slider","12_pieceA_joyous_sad_anxious_3.mp3"
"39","TEAM_YA_029",4,"Scared Slider","12_pieceA_joyous_sad_anxious_3.mp3"
"40","TEAM_YA_029",0,"Joyful Slider","12_pieceA_joyous_sad_anxious_3.mp3"
"41","TEAM_YA_029",32,"Anxious Slider","6_pieceB_anxious_calm_joyous_5.mp3"
"42","TEAM_YA_029",38,"Satisfied Slider","6_pieceB_anxious_calm_joyous_5.mp3"
"43","TEAM_YA_029",7,"Angry Slider","6_pieceB_anxious_calm_joyous_5.mp3"
"44","TEAM_YA_029",32,"Excited Slider","6_pieceB_anxious_calm_joyous_5.mp3"
"45","TEAM_YA_029",25,"Happy Slider","6_pieceB_anxious_calm_joyous_5.mp3"
"46","TEAM_YA_029",0,"Disgusted Slider","6_pieceB_anxious_calm_joyous_5.mp3"
"47","TEAM_YA_029",0,"Sad Slider","6_pieceB_anxious_calm_joyous_5.mp3"
"48","TEAM_YA_029",12,"Proud Slider","6_pieceB_anxious_calm_joyous_5.mp3"
"49","TEAM_YA_029",17,"Scared Slider","6_pieceB_anxious_calm_joyous_5.mp3"
"50","TEAM_YA_029",17,"Joyful Slider","6_pieceB_anxious_calm_joyous_5.mp3"
"51","TEAM_YA_029",34,"Anxious Slider","6_pieceB_anxious_calm_joyous_7.mp3"
"52","TEAM_YA_029",35,"Satisfied Slider","6_pieceB_anxious_calm_joyous_7.mp3"
"53","TEAM_YA_029",1,"Angry Slider","6_pieceB_anxious_calm_joyous_7.mp3"
"54","TEAM_YA_029",33,"Excited Slider","6_pieceB_anxious_calm_joyous_7.mp3"
"55","TEAM_YA_029",19,"Happy Slider","6_pieceB_anxious_calm_joyous_7.mp3"
"56","TEAM_YA_029",0,"Disgusted Slider","6_pieceB_anxious_calm_joyous_7.mp3"
"57","TEAM_YA_029",0,"Sad Slider","6_pieceB_anxious_calm_joyous_7.mp3"
"58","TEAM_YA_029",28,"Proud Slider","6_pieceB_anxious_calm_joyous_7.mp3"
"59","TEAM_YA_029",9,"Scared Slider","6_pieceB_anxious_calm_joyous_7.mp3"
"60","TEAM_YA_029",23,"Joyful Slider","6_pieceB_anxious_calm_joyous_7.mp3"
"61","240712CPAR",15,"Anxious Slider","5_pieceB_calm_sad_anxious_7.mp3"
"62","240712CPAR",96,"Satisfied Slider","5_pieceB_calm_sad_anxious_7.mp3"
"63","240712CPAR",0,"Angry Slider","5_pieceB_calm_sad_anxious_7.mp3"
"64","240712CPAR",70,"Excited Slider","5_pieceB_calm_sad_anxious_7.mp3"
"65","240712CPAR",89,"Happy Slider","5_pieceB_calm_sad_anxious_7.mp3"
"66","240712CPAR",4,"Disgusted Slider","5_pieceB_calm_sad_anxious_7.mp3"
"67","240712CPAR",0,"Sad Slider","5_pieceB_calm_sad_anxious_7.mp3"
"68","240712CPAR",52,"Proud Slider","5_pieceB_calm_sad_anxious_7.mp3"
"69","240712CPAR",0,"Scared Slider","5_pieceB_calm_sad_anxious_7.mp3"
"70","240712CPAR",92,"Joyful Slider","5_pieceB_calm_sad_anxious_7.mp3"
"71","240712CPAR",7,"Anxious Slider","12_pieceA_joyous_sad_anxious_2.mp3"
"72","240712CPAR",50,"Satisfied Slider","12_pieceA_joyous_sad_anxious_2.mp3"
"73","240712CPAR",2,"Angry Slider","12_pieceA_joyous_sad_anxious_2.mp3"
"74","240712CPAR",1,"Excited Slider","12_pieceA_joyous_sad_anxious_2.mp3"
"75","240712CPAR",30,"Happy Slider","12_pieceA_joyous_sad_anxious_2.mp3"
"76","240712CPAR",3,"Disgusted Slider","12_pieceA_joyous_sad_anxious_2.mp3"
"77","240712CPAR",63,"Sad Slider","12_pieceA_joyous_sad_anxious_2.mp3"
"78","240712CPAR",23,"Proud Slider","12_pieceA_joyous_sad_anxious_2.mp3"
"79","240712CPAR",1,"Scared Slider","12_pieceA_joyous_sad_anxious_2.mp3"
"80","240712CPAR",18,"Joyful Slider","12_pieceA_joyous_sad_anxious_2.mp3"
"81","240712CPAR",26,"Anxious Slider","12_pieceA_joyous_sad_anxious_3.mp3"
"82","240712CPAR",59,"Satisfied Slider","12_pieceA_joyous_sad_anxious_3.mp3"
"83","240712CPAR",9,"Angry Slider","12_pieceA_joyous_sad_anxious_3.mp3"
"84","240712CPAR",3,"Excited Slider","12_pieceA_joyous_sad_anxious_3.mp3"
"85","240712CPAR",3,"Happy Slider","12_pieceA_joyous_sad_anxious_3.mp3"
"86","240712CPAR",7,"Disgusted Slider","12_pieceA_joyous_sad_anxious_3.mp3"
"87","240712CPAR",94,"Sad Slider","12_pieceA_joyous_sad_anxious_3.mp3"
"88","240712CPAR",46,"Proud Slider","12_pieceA_joyous_sad_anxious_3.mp3"
"89","240712CPAR",4,"Scared Slider","12_pieceA_joyous_sad_anxious_3.mp3"
"90","240712CPAR",5,"Joyful Slider","12_pieceA_joyous_sad_anxious_3.mp3"
"91","240712CPAR",10,"Anxious Slider","12_pieceA_joyous_sad_anxious_9.mp3"
"92","240712CPAR",8,"Satisfied Slider","12_pieceA_joyous_sad_anxious_9.mp3"
"93","240712CPAR",7,"Angry Slider","12_pieceA_joyous_sad_anxious_9.mp3"
"94","240712CPAR",10,"Excited Slider","12_pieceA_joyous_sad_anxious_9.mp3"
"95","240712CPAR",6,"Happy Slider","12_pieceA_joyous_sad_anxious_9.mp3"
"96","240712CPAR",7,"Disgusted Slider","12_pieceA_joyous_sad_anxious_9.mp3"
"97","240712CPAR",54,"Sad Slider","12_pieceA_joyous_sad_anxious_9.mp3"
"98","240712CPAR",6,"Proud Slider","12_pieceA_joyous_sad_anxious_9.mp3"
"99","240712CPAR",11,"Scared Slider","12_pieceA_joyous_sad_anxious_9.mp3"
"100","240712CPAR",8,"Joyful Slider","12_pieceA_joyous_sad_anxious_9.mp3"
"101","240712CPAR",13,"Anxious Slider","6_pieceB_anxious_calm_joyous_5.mp3"
"102","240712CPAR",26,"Satisfied Slider","6_pieceB_anxious_calm_joyous_5.mp3"
"103","240712CPAR",1,"Angry Slider","6_pieceB_anxious_calm_joyous_5.mp3"
"104","240712CPAR",93,"Excited Slider","6_pieceB_anxious_calm_joyous_5.mp3"
"105","240712CPAR",86,"Happy Slider","6_pieceB_anxious_calm_joyous_5.mp3"
"106","240712CPAR",3,"Disgusted Slider","6_pieceB_anxious_calm_joyous_5.mp3"
"107","240712CPAR",1,"Sad Slider","6_pieceB_anxious_calm_joyous_5.mp3"
"108","240712CPAR",67,"Proud Slider","6_pieceB_anxious_calm_joyous_5.mp3"
"109","240712CPAR",5,"Scared Slider","6_pieceB_anxious_calm_joyous_5.mp3"
"110","240712CPAR",84,"Joyful Slider","6_pieceB_anxious_calm_joyous_5.mp3"
"111","240712CPAR",62,"Anxious Slider","6_pieceB_anxious_calm_joyous_7.mp3"
"112","240712CPAR",48,"Satisfied Slider","6_pieceB_anxious_calm_joyous_7.mp3"
"113","240712CPAR",7,"Angry Slider","6_pieceB_anxious_calm_joyous_7.mp3"
"114","240712CPAR",30,"Excited Slider","6_pieceB_anxious_calm_joyous_7.mp3"
"115","240712CPAR",49,"Happy Slider","6_pieceB_anxious_calm_joyous_7.mp3"
"116","240712CPAR",12,"Disgusted Slider","6_pieceB_anxious_calm_joyous_7.mp3"
"117","240712CPAR",6,"Sad Slider","6_pieceB_anxious_calm_joyous_7.mp3"
"118","240712CPAR",9,"Proud Slider","6_pieceB_anxious_calm_joyous_7.mp3"
"119","240712CPAR",27,"Scared Slider","6_pieceB_anxious_calm_joyous_7.mp3"
"120","240712CPAR",51,"Joyful Slider","6_pieceB_anxious_calm_joyous_7.mp3"
"121","TEAM_YA_031",5,"Anxious Slider","5_pieceB_calm_sad_anxious_7.mp3"
"122","TEAM_YA_031",62,"Satisfied Slider","5_pieceB_calm_sad_anxious_7.mp3"
"123","TEAM_YA_031",2,"Angry Slider","5_pieceB_calm_sad_anxious_7.mp3"
"124","TEAM_YA_031",11,"Excited Slider","5_pieceB_calm_sad_anxious_7.mp3"
"125","TEAM_YA_031",65,"Happy Slider","5_pieceB_calm_sad_anxious_7.mp3"
"126","TEAM_YA_031",6,"Disgusted Slider","5_pieceB_calm_sad_anxious_7.mp3"
"127","TEAM_YA_031",31,"Sad Slider","5_pieceB_calm_sad_anxious_7.mp3"
"128","TEAM_YA_031",12,"Proud Slider","5_pieceB_calm_sad_anxious_7.mp3"
"129","TEAM_YA_031",8,"Scared Slider","5_pieceB_calm_sad_anxious_7.mp3"
"130","TEAM_YA_031",26,"Joyful Slider","5_pieceB_calm_sad_anxious_7.mp3"
"131","TEAM_YA_031",10,"Anxious Slider","12_pieceA_joyous_sad_anxious_2.mp3"
"132","TEAM_YA_031",67,"Satisfied Slider","12_pieceA_joyous_sad_anxious_2.mp3"
"133","TEAM_YA_031",12,"Angry Slider","12_pieceA_joyous_sad_anxious_2.mp3"
"134","TEAM_YA_031",11,"Excited Slider","12_pieceA_joyous_sad_anxious_2.mp3"
"135","TEAM_YA_031",39,"Happy Slider","12_pieceA_joyous_sad_anxious_2.mp3"
"136","TEAM_YA_031",7,"Disgusted Slider","12_pieceA_joyous_sad_anxious_2.mp3"
"137","TEAM_YA_031",25,"Sad Slider","12_pieceA_joyous_sad_anxious_2.mp3"
"138","TEAM_YA_031",8,"Proud Slider","12_pieceA_joyous_sad_anxious_2.mp3"
"139","TEAM_YA_031",15,"Scared Slider","12_pieceA_joyous_sad_anxious_2.mp3"
"140","TEAM_YA_031",17,"Joyful Slider","12_pieceA_joyous_sad_anxious_2.mp3"
"141","TEAM_YA_031",19,"Anxious Slider","12_pieceA_joyous_sad_anxious_9.mp3"
"142","TEAM_YA_031",45,"Satisfied Slider","12_pieceA_joyous_sad_anxious_9.mp3"
"143","TEAM_YA_031",50,"Angry Slider","12_pieceA_joyous_sad_anxious_9.mp3"
"144","TEAM_YA_031",48,"Excited Slider","12_pieceA_joyous_sad_anxious_9.mp3"
"145","TEAM_YA_031",23,"Happy Slider","12_pieceA_joyous_sad_anxious_9.mp3"
"146","TEAM_YA_031",9,"Disgusted Slider","12_pieceA_joyous_sad_anxious_9.mp3"
"147","TEAM_YA_031",70,"Sad Slider","12_pieceA_joyous_sad_anxious_9.mp3"
"148","TEAM_YA_031",7,"Proud Slider","12_pieceA_joyous_sad_anxious_9.mp3"
"149","TEAM_YA_031",19,"Scared Slider","12_pieceA_joyous_sad_anxious_9.mp3"
"150","TEAM_YA_031",19,"Joyful Slider","12_pieceA_joyous_sad_anxious_9.mp3"
"151","TEAM_YA_031",46,"Anxious Slider","6_pieceB_anxious_calm_joyous_5.mp3"
"152","TEAM_YA_031",47,"Satisfied Slider","6_pieceB_anxious_calm_joyous_5.mp3"
"153","TEAM_YA_031",9,"Angry Slider","6_pieceB_anxious_calm_joyous_5.mp3"
"154","TEAM_YA_031",71,"Excited Slider","6_pieceB_anxious_calm_joyous_5.mp3"
"155","TEAM_YA_031",14,"Happy Slider","6_pieceB_anxious_calm_joyous_5.mp3"
"156","TEAM_YA_031",2,"Disgusted Slider","6_pieceB_anxious_calm_joyous_5.mp3"
"157","TEAM_YA_031",8,"Sad Slider","6_pieceB_anxious_calm_joyous_5.mp3"
"158","TEAM_YA_031",16,"Proud Slider","6_pieceB_anxious_calm_joyous_5.mp3"
"159","TEAM_YA_031",21,"Scared Slider","6_pieceB_anxious_calm_joyous_5.mp3"
"160","TEAM_YA_031",67,"Joyful Slider","6_pieceB_anxious_calm_joyous_5.mp3"
"161","TEAM_YA_031",14,"Anxious Slider","6_pieceB_anxious_calm_joyous_7.mp3"
"162","TEAM_YA_031",70,"Satisfied Slider","6_pieceB_anxious_calm_joyous_7.mp3"
"163","TEAM_YA_031",18,"Angry Slider","6_pieceB_anxious_calm_joyous_7.mp3"
"164","TEAM_YA_031",63,"Excited Slider","6_pieceB_anxious_calm_joyous_7.mp3"
"165","TEAM_YA_031",74,"Happy Slider","6_pieceB_anxious_calm_joyous_7.mp3"
"166","TEAM_YA_031",8,"Disgusted Slider","6_pieceB_anxious_calm_joyous_7.mp3"
"167","TEAM_YA_031",7,"Sad Slider","6_pieceB_anxious_calm_joyous_7.mp3"
"168","TEAM_YA_031",5,"Proud Slider","6_pieceB_anxious_calm_joyous_7.mp3"
"169","TEAM_YA_031",9,"Scared Slider","6_pieceB_anxious_calm_joyous_7.mp3"
"170","TEAM_YA_031",70,"Joyful Slider","6_pieceB_anxious_calm_joyous_7.mp3"
"171","TEAM_YA_031",10,"Anxious Slider","12_pieceA_joyous_sad_anxious_3.mp3"
"172","TEAM_YA_031",18,"Satisfied Slider","12_pieceA_joyous_sad_anxious_3.mp3"
"173","TEAM_YA_031",12,"Angry Slider","12_pieceA_joyous_sad_anxious_3.mp3"
"174","TEAM_YA_031",10,"Excited Slider","12_pieceA_joyous_sad_anxious_3.mp3"
"175","TEAM_YA_031",8,"Happy Slider","12_pieceA_joyous_sad_anxious_3.mp3"
"176","TEAM_YA_031",7,"Disgusted Slider","12_pieceA_joyous_sad_anxious_3.mp3"
"177","TEAM_YA_031",33,"Sad Slider","12_pieceA_joyous_sad_anxious_3.mp3"
"178","TEAM_YA_031",12,"Proud Slider","12_pieceA_joyous_sad_anxious_3.mp3"
"179","TEAM_YA_031",5,"Scared Slider","12_pieceA_joyous_sad_anxious_3.mp3"
"180","TEAM_YA_031",5,"Joyful Slider","12_pieceA_joyous_sad_anxious_3.mp3"
"181","TEAM_YA_030",15,"Anxious Slider","6_pieceB_anxious_calm_joyous_7.mp3"
"182","TEAM_YA_030",25,"Relaxed Slider","6_pieceB_anxious_calm_joyous_7.mp3"
"183","TEAM_YA_030",0,"Angry Slider","6_pieceB_anxious_calm_joyous_7.mp3"
"184","TEAM_YA_030",50,"Excited Slider","6_pieceB_anxious_calm_joyous_7.mp3"
"185","TEAM_YA_030",20,"Happy Slider","6_pieceB_anxious_calm_joyous_7.mp3"
"186","TEAM_YA_030",0,"Disgusted Slider","6_pieceB_anxious_calm_joyous_7.mp3"
"187","TEAM_YA_030",0,"Sad Slider","6_pieceB_anxious_calm_joyous_7.mp3"
"188","TEAM_YA_030",20,"Proud Slider","6_pieceB_anxious_calm_joyous_7.mp3"
"189","TEAM_YA_030",0,"Scared Slider","6_pieceB_anxious_calm_joyous_7.mp3"
"190","TEAM_YA_030",20,"Joyful Slider","6_pieceB_anxious_calm_joyous_7.mp3"
"191","TEAM_YA_030",20,"Anxious Slider","5_pieceB_calm_sad_anxious_7.mp3"
"192","TEAM_YA_030",10,"Relaxed Slider","5_pieceB_calm_sad_anxious_7.mp3"
"193","TEAM_YA_030",0,"Angry Slider","5_pieceB_calm_sad_anxious_7.mp3"
"194","TEAM_YA_030",20,"Excited Slider","5_pieceB_calm_sad_anxious_7.mp3"
"195","TEAM_YA_030",20,"Happy Slider","5_pieceB_calm_sad_anxious_7.mp3"
"196","TEAM_YA_030",0,"Disgusted Slider","5_pieceB_calm_sad_anxious_7.mp3"
"197","TEAM_YA_030",0,"Sad Slider","5_pieceB_calm_sad_anxious_7.mp3"
"198","TEAM_YA_030",0,"Proud Slider","5_pieceB_calm_sad_anxious_7.mp3"
"199","TEAM_YA_030",10,"Scared Slider","5_pieceB_calm_sad_anxious_7.mp3"
"200","TEAM_YA_030",0,"Joyful Slider","5_pieceB_calm_sad_anxious_7.mp3"
"201","TEAM_YA_030",10,"Anxious Slider","12_pieceA_joyous_sad_anxious_9.mp3"
"202","TEAM_YA_030",25,"Relaxed Slider","12_pieceA_joyous_sad_anxious_9.mp3"
"203","TEAM_YA_030",0,"Angry Slider","12_pieceA_joyous_sad_anxious_9.mp3"
"204","TEAM_YA_030",25,"Excited Slider","12_pieceA_joyous_sad_anxious_9.mp3"
"205","TEAM_YA_030",0,"Happy Slider","12_pieceA_joyous_sad_anxious_9.mp3"
"206","TEAM_YA_030",0,"Disgusted Slider","12_pieceA_joyous_sad_anxious_9.mp3"
"207","TEAM_YA_030",20,"Sad Slider","12_pieceA_joyous_sad_anxious_9.mp3"
"208","TEAM_YA_030",0,"Proud Slider","12_pieceA_joyous_sad_anxious_9.mp3"
"209","TEAM_YA_030",0,"Scared Slider","12_pieceA_joyous_sad_anxious_9.mp3"
"210","TEAM_YA_030",0,"Joyful Slider","12_pieceA_joyous_sad_anxious_9.mp3"
"211","TEAM_YA_030",20,"Anxious Slider","12_pieceA_joyous_sad_anxious_2.mp3"
"212","TEAM_YA_030",15,"Relaxed Slider","12_pieceA_joyous_sad_anxious_2.mp3"
"213","TEAM_YA_030",0,"Angry Slider","12_pieceA_joyous_sad_anxious_2.mp3"
"214","TEAM_YA_030",60,"Excited Slider","12_pieceA_joyous_sad_anxious_2.mp3"
"215","TEAM_YA_030",40,"Happy Slider","12_pieceA_joyous_sad_anxious_2.mp3"
"216","TEAM_YA_030",0,"Disgusted Slider","12_pieceA_joyous_sad_anxious_2.mp3"
"217","TEAM_YA_030",0,"Sad Slider","12_pieceA_joyous_sad_anxious_2.mp3"
"218","TEAM_YA_030",30,"Proud Slider","12_pieceA_joyous_sad_anxious_2.mp3"
"219","TEAM_YA_030",15,"Scared Slider","12_pieceA_joyous_sad_anxious_2.mp3"
"220","TEAM_YA_030",50,"Joyful Slider","12_pieceA_joyous_sad_anxious_2.mp3"
"221","TEAM_YA_030",33,"Anxious Slider","6_pieceB_anxious_calm_joyous_5.mp3"
"222","TEAM_YA_030",0,"Relaxed Slider","6_pieceB_anxious_calm_joyous_5.mp3"
"223","TEAM_YA_030",5,"Angry Slider","6_pieceB_anxious_calm_joyous_5.mp3"
"224","TEAM_YA_030",40,"Excited Slider","6_pieceB_anxious_calm_joyous_5.mp3"
"225","TEAM_YA_030",25,"Happy Slider","6_pieceB_anxious_calm_joyous_5.mp3"
"226","TEAM_YA_030",0,"Disgusted Slider","6_pieceB_anxious_calm_joyous_5.mp3"
"227","TEAM_YA_030",0,"Sad Slider","6_pieceB_anxious_calm_joyous_5.mp3"
"228","TEAM_YA_030",0,"Proud Slider","6_pieceB_anxious_calm_joyous_5.mp3"
"229","TEAM_YA_030",10,"Scared Slider","6_pieceB_anxious_calm_joyous_5.mp3"
"230","TEAM_YA_030",0,"Joyful Slider","6_pieceB_anxious_calm_joyous_5.mp3"
"231","TEAM_YA_030",10,"Anxious Slider","12_pieceA_joyous_sad_anxious_3.mp3"
"232","TEAM_YA_030",20,"Relaxed Slider","12_pieceA_joyous_sad_anxious_3.mp3"
"233","TEAM_YA_030",0,"Angry Slider","12_pieceA_joyous_sad_anxious_3.mp3"
"234","TEAM_YA_030",20,"Excited Slider","12_pieceA_joyous_sad_anxious_3.mp3"
"235","TEAM_YA_030",15,"Happy Slider","12_pieceA_joyous_sad_anxious_3.mp3"
"236","TEAM_YA_030",0,"Disgusted Slider","12_pieceA_joyous_sad_anxious_3.mp3"
"237","TEAM_YA_030",30,"Sad Slider","12_pieceA_joyous_sad_anxious_3.mp3"
"238","TEAM_YA_030",0,"Proud Slider","12_pieceA_joyous_sad_anxious_3.mp3"
"239","TEAM_YA_030",5,"Scared Slider","12_pieceA_joyous_sad_anxious_3.mp3"
"240","TEAM_YA_030",10,"Joyful Slider","12_pieceA_joyous_sad_anxious_3.mp3"
"241","TEAM_YA_023",0,"Anxious Slider","5_pieceB_calm_sad_anxious_7.mp3"
"242","TEAM_YA_023",100,"Relaxed Slider","5_pieceB_calm_sad_anxious_7.mp3"
"243","TEAM_YA_023",0,"Angry Slider","5_pieceB_calm_sad_anxious_7.mp3"
"244","TEAM_YA_023",0,"Excited Slider","5_pieceB_calm_sad_anxious_7.mp3"
"245","TEAM_YA_023",90,"Happy Slider","5_pieceB_calm_sad_anxious_7.mp3"
"246","TEAM_YA_023",0,"Disgusted Slider","5_pieceB_calm_sad_anxious_7.mp3"
"247","TEAM_YA_023",90,"Sad Slider","5_pieceB_calm_sad_anxious_7.mp3"
"248","TEAM_YA_023",60,"Proud Slider","5_pieceB_calm_sad_anxious_7.mp3"
"249","TEAM_YA_023",0,"Scared Slider","5_pieceB_calm_sad_anxious_7.mp3"
"250","TEAM_YA_023",20,"Joyful Slider","5_pieceB_calm_sad_anxious_7.mp3"
"251","TEAM_YA_023",0,"Anxious Slider","12_pieceA_joyous_sad_anxious_3.mp3"
"252","TEAM_YA_023",70,"Relaxed Slider","12_pieceA_joyous_sad_anxious_3.mp3"
"253","TEAM_YA_023",0,"Angry Slider","12_pieceA_joyous_sad_anxious_3.mp3"
"254","TEAM_YA_023",80,"Excited Slider","12_pieceA_joyous_sad_anxious_3.mp3"
"255","TEAM_YA_023",75,"Happy Slider","12_pieceA_joyous_sad_anxious_3.mp3"
"256","TEAM_YA_023",0,"Disgusted Slider","12_pieceA_joyous_sad_anxious_3.mp3"
"257","TEAM_YA_023",75,"Sad Slider","12_pieceA_joyous_sad_anxious_3.mp3"
"258","TEAM_YA_023",80,"Proud Slider","12_pieceA_joyous_sad_anxious_3.mp3"
"259","TEAM_YA_023",0,"Scared Slider","12_pieceA_joyous_sad_anxious_3.mp3"
"260","TEAM_YA_023",20,"Joyful Slider","12_pieceA_joyous_sad_anxious_3.mp3"
"261","TEAM_YA_023",20,"Anxious Slider","6_pieceB_anxious_calm_joyous_5.mp3"
"262","TEAM_YA_023",10,"Relaxed Slider","6_pieceB_anxious_calm_joyous_5.mp3"
"263","TEAM_YA_023",0,"Angry Slider","6_pieceB_anxious_calm_joyous_5.mp3"
"264","TEAM_YA_023",100,"Excited Slider","6_pieceB_anxious_calm_joyous_5.mp3"
"265","TEAM_YA_023",100,"Happy Slider","6_pieceB_anxious_calm_joyous_5.mp3"
"266","TEAM_YA_023",0,"Disgusted Slider","6_pieceB_anxious_calm_joyous_5.mp3"
"267","TEAM_YA_023",0,"Sad Slider","6_pieceB_anxious_calm_joyous_5.mp3"
"268","TEAM_YA_023",65,"Proud Slider","6_pieceB_anxious_calm_joyous_5.mp3"
"269","TEAM_YA_023",0,"Scared Slider","6_pieceB_anxious_calm_joyous_5.mp3"
"270","TEAM_YA_023",90,"Joyful Slider","6_pieceB_anxious_calm_joyous_5.mp3"
"271","TEAM_YA_023",0,"Anxious Slider","12_pieceA_joyous_sad_anxious_2.mp3"
"272","TEAM_YA_023",90,"Relaxed Slider","12_pieceA_joyous_sad_anxious_2.mp3"
"273","TEAM_YA_023",0,"Angry Slider","12_pieceA_joyous_sad_anxious_2.mp3"
"274","TEAM_YA_023",60,"Excited Slider","12_pieceA_joyous_sad_anxious_2.mp3"
"275","TEAM_YA_023",100,"Happy Slider","12_pieceA_joyous_sad_anxious_2.mp3"
"276","TEAM_YA_023",0,"Disgusted Slider","12_pieceA_joyous_sad_anxious_2.mp3"
"277","TEAM_YA_023",60,"Sad Slider","12_pieceA_joyous_sad_anxious_2.mp3"
"278","TEAM_YA_023",80,"Proud Slider","12_pieceA_joyous_sad_anxious_2.mp3"
"279","TEAM_YA_023",0,"Scared Slider","12_pieceA_joyous_sad_anxious_2.mp3"
"280","TEAM_YA_023",100,"Joyful Slider","12_pieceA_joyous_sad_anxious_2.mp3"
"281","TEAM_YA_023",75,"Anxious Slider","6_pieceB_anxious_calm_joyous_7.mp3"
"282","TEAM_YA_023",0,"Relaxed Slider","6_pieceB_anxious_calm_joyous_7.mp3"
"283","TEAM_YA_023",0,"Angry Slider","6_pieceB_anxious_calm_joyous_7.mp3"
"284","TEAM_YA_023",100,"Excited Slider","6_pieceB_anxious_calm_joyous_7.mp3"
"285","TEAM_YA_023",100,"Happy Slider","6_pieceB_anxious_calm_joyous_7.mp3"
"286","TEAM_YA_023",0,"Disgusted Slider","6_pieceB_anxious_calm_joyous_7.mp3"
"287","TEAM_YA_023",0,"Sad Slider","6_pieceB_anxious_calm_joyous_7.mp3"
"288","TEAM_YA_023",0,"Proud Slider","6_pieceB_anxious_calm_joyous_7.mp3"
"289","TEAM_YA_023",0,"Scared Slider","6_pieceB_anxious_calm_joyous_7.mp3"
"290","TEAM_YA_023",75,"Joyful Slider","6_pieceB_anxious_calm_joyous_7.mp3"
"291","TEAM_YA_023",0,"Anxious Slider","12_pieceA_joyous_sad_anxious_9.mp3"
"292","TEAM_YA_023",0,"Relaxed Slider","12_pieceA_joyous_sad_anxious_9.mp3"
"293","TEAM_YA_023",70,"Angry Slider","12_pieceA_joyous_sad_anxious_9.mp3"
"294","TEAM_YA_023",60,"Excited Slider","12_pieceA_joyous_sad_anxious_9.mp3"
"295","TEAM_YA_023",0,"Happy Slider","12_pieceA_joyous_sad_anxious_9.mp3"
"296","TEAM_YA_023",0,"Disgusted Slider","12_pieceA_joyous_sad_anxious_9.mp3"
"297","TEAM_YA_023",70,"Sad Slider","12_pieceA_joyous_sad_anxious_9.mp3"
"298","TEAM_YA_023",55,"Proud Slider","12_pieceA_joyous_sad_anxious_9.mp3"
"299","TEAM_YA_023",10,"Scared Slider","12_pieceA_joyous_sad_anxious_9.mp3"
"300","TEAM_YA_023",0,"Joyful Slider","12_pieceA_joyous_sad_anxious_9.mp3"
