"","pos2_anger_1","sad2_anger_1","sad8_anger_1","sad1_anger_1","happy7_anger_1","happy10_anger_1","happy1_anger_1","pos3_anger_1","pos2_disgust_1","sad2_disgust_1","sad8_disgust_1","sad1_disgust_1","happy7_disgust_1","happy10_disgust_1","happy1_disgust_1","pos3_disgust_1","pos2_sadness_1","sad2_sadness_1","sad8_sadness_1","sad1_sadness_1","happy7_sadness_1","happy10_sadness_1","happy1_sadness_1","pos3_sadness_1","pos2_scared_1","sad2_scared_1","sad8_scared_1","sad1_scared_1","happy7_scared_1","happy10_scared_1","happy1_scared_1","pos3_scared_1","pos2_upset_1","sad2_upset_1","sad8_upset_1","sad1_upset_1","happy7_upset_1","happy10_upset_1","happy1_upset_1","pos3_upset_1"
"1",NA,NA,NA,NA,NA,NA,NA,NA,NA,NA,NA,NA,NA,NA,NA,NA,NA,NA,NA,NA,NA,NA,NA,NA,NA,NA,NA,NA,NA,NA,NA,NA,NA,NA,NA,NA,NA,NA,NA,NA
"2",0,0,0,0,0,0,0,0,0,13,0,8,0,0,0,0,0,0,0,0,0,0,0,0,0,5,0,9,0,0,0,0,0,18,0,51,0,9,0,0
"3",5,1,0,25,2,29,8,0,1,1,0,36,1,0,0,0,2,26,37,21,3,14,0,2,2,29,0,23,2,19,0,0,5,13,30,40,2,0,0,0
"4",0,0,0,0,0,0,0,0,0,0,0,0,0,0,0,0,0,100,50,0,0,0,0,0,0,0,0,0,0,0,0,0,0,0,0,0,0,0,0,0
"5",0,0,0,0,0,0,0,0,0,0,0,0,0,0,0,0,0,100,71,42,0,0,0,0,0,0,0,19,0,0,0,0,0,96,0,43,0,0,0,0
"6",0,0,0,0,0,6,0,0,0,0,0,0,0,0,0,0,0,25,12,0,0,0,0,0,0,0,0,0,0,0,0,0,0,0,0,7,0,0,0,0
"7",0,12,1,79,0,0,0,0,0,0,0,29,0,1,0,0,0,55,8,51,0,3,1,0,0,4,3,0,0,0,0,0,0,0,0,70,0,0,0,0
"8",0,0,0,0,0,0,0,0,0,0,0,0,0,0,0,0,0,65,0,35,0,0,0,0,0,0,0,0,0,0,0,0,0,0,0,0,0,0,0,0
"9",0,6,0,15,0,0,0,0,0,43,0,29,0,11,0,0,0,12,0,0,0,0,0,0,0,0,0,0,0,31,0,0,0,0,0,31,0,4,0,0
"10",0,21,33,70,100,0,5,0,0,11,56,58,0,0,58,0,0,100,83,74,0,0,0,38,0,66,0,0,0,0,0,54,0,18,5,43,0,0,0,0
"11",0,0,0,60,0,15,20,0,0,0,0,0,0,0,0,0,0,55,0,0,0,0,0,0,0,10,0,0,0,0,0,0,0,30,0,60,0,0,20,0
"12",0,0,0,4,0,0,0,0,0,0,0,0,0,0,0,0,0,15,31,6,0,0,0,0,0,0,0,15,0,0,0,0,0,7,0,13,0,0,0,0
"13",0,0,0,0,0,2,0,0,8,3,0,60,0,60,6,0,0,6,0,8,0,0,0,0,0,3,0,13,6,9,2,0,0,3,0,59,2,39,7,0
"14",0,0,0,0,0,0,0,0,0,0,0,0,0,0,0,0,0,14,0,0,0,0,0,0,0,0,0,0,0,0,0,0,0,10,0,0,0,0,0,0
"15",0,0,0,1,0,0,5,0,0,0,0,0,0,0,0,0,0,5,3,10,0,0,0,0,0,0,0,3,0,0,0,0,0,6,0,42,0,0,0,0
"16",0,0,0,0,0,0,0,0,0,0,0,0,0,0,0,0,0,67,0,79,0,0,0,0,0,0,0,0,0,0,0,0,0,38,0,72,0,0,0,0
"17",0,0,0,0,0,57,61,0,0,0,0,13,50,65,84,0,0,0,0,50,31,0,50,0,0,0,0,0,0,0,0,0,0,0,0,0,0,63,89,0
"18",3,1,7,0,7,6,5,5,5,5,7,0,0,0,4,0,0,7,10,4,0,0,4,4,6,3,6,3,5,0,4,5,0,6,4,0,4,5,0,7
"19",0,0,0,0,0,0,0,0,0,0,0,0,0,0,0,0,0,40,29,2,0,0,0,0,0,0,0,0,0,0,0,0,0,0,2,0,0,0,0,0
"20",0,20,0,40,0,0,0,0,0,5,0,0,0,0,0,0,0,60,0,5,0,0,0,0,20,0,0,0,0,5,0,0,0,40,0,20,0,0,0,0
"21",0,0,0,0,0,0,0,0,0,0,0,0,0,0,0,0,0,10,0,0,0,0,0,0,0,5,0,0,0,5,0,0,0,0,0,0,0,5,0,0
"22",0,0,0,0,0,5,5,0,0,0,0,0,0,0,0,0,0,5,0,0,0,0,0,0,0,0,0,0,0,0,0,0,0,10,0,0,0,10,0,0
"23",0,0,0,4,0,0,0,0,0,0,0,0,0,0,0,0,0,10,0,0,0,0,0,0,0,0,0,0,0,0,0,0,0,0,0,20,0,0,0,0
"24",0,0,0,0,0,0,5,0,0,0,0,30,0,0,0,0,0,19,9,2,0,0,0,0,0,0,0,2,0,0,0,0,0,0,0,1,0,0,0,0
"25",0,0,0,23,0,0,0,0,0,0,0,0,0,0,0,0,0,0,0,0,0,0,0,0,0,0,0,0,0,0,0,0,0,0,0,0,0,0,1,0
"26",0,0,0,0,0,0,0,0,0,0,0,0,0,0,0,0,0,64,0,50,0,0,0,0,0,0,0,0,0,0,0,0,0,0,0,0,0,0,0,0
"27",0,1,0,0,0,0,0,0,0,1,0,39,0,0,0,0,0,52,41,52,0,0,0,0,0,1,12,0,0,0,0,0,0,1,0,0,0,0,0,0
"28",0,0,0,10,0,0,0,0,0,0,0,46,0,0,0,0,0,55,45,59,0,0,0,0,0,25,29,89,0,8,26,0,0,59,49,74,0,16,13,0
"29",8,5,0,0,7,0,7,7,0,7,0,0,6,0,5,6,33,52,0,42,4,21,6,5,0,5,0,0,5,0,7,3,3,8,0,0,5,0,5,5
"30",0,0,0,10,0,0,0,0,0,0,0,0,0,0,0,0,0,10,28,13,0,0,0,0,0,0,0,11,0,1,0,0,0,0,0,11,0,0,0,0
"31",0,0,0,0,0,0,0,0,0,0,0,10,0,0,0,0,0,10,0,19,0,0,0,0,0,0,0,0,0,0,0,0,0,0,0,0,0,0,0,0
"32",0,6,0,28,0,0,0,0,0,6,0,46,0,0,0,0,0,72,16,48,0,0,0,14,0,7,6,62,0,0,0,0,0,15,0,22,0,0,0,18
"33",0,2,0,0,0,0,0,0,0,0,0,0,0,0,0,0,0,0,0,0,0,0,0,0,0,0,0,0,0,0,0,0,0,8,0,0,0,0,0,0
"34",0,0,0,28,0,0,0,0,0,0,0,20,0,0,0,0,0,25,0,0,0,0,0,0,0,0,0,0,0,0,0,0,0,9,0,51,0,0,0,0
"35",0,0,0,0,0,0,0,0,0,0,0,0,0,0,0,0,0,41,20,17,0,8,0,0,0,0,0,0,0,0,0,0,0,0,0,0,0,0,0,0
"36",NA,NA,NA,NA,NA,NA,NA,NA,NA,NA,NA,NA,NA,NA,NA,NA,NA,NA,NA,NA,NA,NA,NA,NA,NA,NA,NA,NA,NA,NA,NA,NA,NA,NA,NA,NA,NA,NA,NA,NA
"37",0,18,0,0,0,1,0,0,0,9,0,0,0,0,0,0,0,39,30,0,0,14,0,0,0,0,0,0,0,0,0,0,0,0,0,39,0,35,0,0
"38",NA,NA,NA,NA,NA,NA,NA,NA,NA,NA,NA,NA,NA,NA,NA,NA,NA,NA,NA,NA,NA,NA,NA,NA,NA,NA,NA,NA,NA,NA,NA,NA,NA,NA,NA,NA,NA,NA,NA,NA
"39",NA,NA,NA,NA,NA,NA,NA,NA,NA,NA,NA,NA,NA,NA,NA,NA,NA,NA,NA,NA,NA,NA,NA,NA,NA,NA,NA,NA,NA,NA,NA,NA,NA,NA,NA,NA,NA,NA,NA,NA
"40",NA,NA,NA,NA,NA,NA,NA,NA,NA,NA,NA,NA,NA,NA,NA,NA,NA,NA,NA,NA,NA,NA,NA,NA,NA,NA,NA,NA,NA,NA,NA,NA,NA,NA,NA,NA,NA,NA,NA,NA
"41",0,1,0,0,22,5,0,0,0,34,13,3,38,22,12,0,0,55,6,29,11,0,0,0,0,15,9,0,59,0,0,0,0,3,5,0,19,0,1,0
"42",NA,NA,NA,NA,NA,NA,NA,NA,NA,NA,NA,NA,NA,NA,NA,NA,NA,NA,NA,NA,NA,NA,NA,NA,NA,NA,NA,NA,NA,NA,NA,NA,NA,NA,NA,NA,NA,NA,NA,NA
"43",0,22,0,26,0,5,18,10,0,14,0,21,0,5,7,20,0,24,6,9,8,10,0,10,0,30,0,0,0,10,0,20,0,17,0,18,0,5,20,20
"44",0,0,20,41,0,32,67,0,0,0,33,0,0,42,0,0,0,0,0,0,0,13,0,0,0,0,7,10,0,85,60,0,0,0,0,35,0,59,53,0
"45",NA,NA,NA,NA,NA,NA,NA,NA,NA,NA,NA,NA,NA,NA,NA,NA,NA,NA,NA,NA,NA,NA,NA,NA,NA,NA,NA,NA,NA,NA,NA,NA,NA,NA,NA,NA,NA,NA,NA,NA
"46",0,75,0,100,0,0,0,0,0,68,0,59,0,0,0,0,0,62,0,0,0,0,0,0,0,11,0,54,0,0,0,0,0,100,0,100,0,0,0,0
"47",0,0,0,0,0,0,0,0,0,0,0,52,0,0,0,0,0,36,10,0,0,0,0,0,0,0,0,0,0,0,14,0,0,43,0,0,0,0,0,0
"48",0,14,14,6,4,1,0,0,0,35,20,40,36,5,0,0,0,97,55,79,4,0,2,9,0,0,2,25,5,0,0,1,0,97,32,86,20,1,0,0
"49",0,0,0,0,0,0,0,0,0,0,0,0,0,0,0,0,0,2,0,9,0,0,0,0,0,0,0,0,1,0,0,0,0,0,0,0,0,0,0,0
"50",0,30,0,69,0,40,0,0,0,50,0,96,0,91,39,0,0,60,0,81,0,71,18,0,0,8,0,10,0,20,0,0,0,60,0,92,0,60,29,0
"51",0,0,0,0,0,0,0,0,0,16,0,16,0,0,0,0,0,100,70,0,0,0,0,0,0,0,0,38,0,0,0,0,0,11,20,12,0,0,0,0
"52",0,6,7,29,0,0,0,0,0,6,0,58,0,0,0,0,0,70,42,0,4,12,17,0,0,0,0,0,0,4,0,0,0,15,10,11,0,0,1,0
"53",0,31,0,32,0,24,0,0,0,29,0,19,0,28,0,0,0,0,0,0,0,0,0,0,0,0,0,15,0,0,0,0,0,31,0,11,0,22,0,0
"54",0,0,0,0,0,0,0,0,0,0,0,0,0,0,0,0,0,1,1,0,0,0,0,0,0,0,0,0,0,0,0,0,0,0,0,4,0,1,0,0
"55",0,0,0,0,0,0,0,0,0,0,0,0,0,0,0,0,0,35,15,0,0,0,0,0,40,0,0,0,0,0,0,0,0,0,0,0,0,0,0,0
"56",0,0,0,0,0,0,0,0,0,0,0,0,0,0,0,0,0,20,40,0,0,0,0,0,0,0,0,0,0,0,0,0,0,13,22,0,0,0,0,0
"57",NA,NA,NA,NA,NA,NA,NA,NA,NA,NA,NA,NA,NA,NA,NA,NA,NA,NA,NA,NA,NA,NA,NA,NA,NA,NA,NA,NA,NA,NA,NA,NA,NA,NA,NA,NA,NA,NA,NA,NA
"58",0,0,0,0,0,0,0,0,5,0,0,0,0,0,0,0,0,30,0,55,0,0,0,0,0,0,0,0,0,0,0,0,0,0,0,0,0,0,0,0
"59",0,0,0,0,0,0,0,0,0,0,0,0,0,0,0,0,0,30,0,14,0,0,0,0,0,0,0,0,0,0,0,0,0,0,0,0,0,0,0,0
"60",0,0,0,0,0,0,0,0,0,0,0,0,0,0,0,0,0,24,10,11,0,0,0,0,0,0,0,0,0,0,0,0,0,9,0,5,0,0,0,0
"61",0,5,0,0,0,0,0,0,0,38,0,55,29,0,0,0,0,20,0,60,9,0,0,0,0,4,0,10,0,0,0,0,0,3,0,40,19,0,0,0
"62",0,0,0,0,0,0,0,0,0,0,0,0,0,0,0,0,0,0,0,0,0,0,0,0,0,0,0,21,0,0,0,0,0,0,0,29,0,0,0,0
"63",0,0,0,0,0,0,0,0,0,0,0,0,0,0,0,0,0,0,25,0,0,0,0,0,0,0,0,30,0,0,0,0,0,0,0,25,0,0,0,0
"64",0,0,0,40,0,0,0,0,0,0,0,8,0,0,0,0,0,26,0,0,0,0,0,0,0,0,0,68,0,0,0,0,0,0,0,30,0,0,0,0
"65",0,5,0,5,0,10,15,0,0,1,0,5,0,0,35,0,0,30,10,35,0,0,0,0,0,10,0,0,0,0,0,0,0,10,0,15,0,0,5,0
"66",0,0,0,0,0,0,0,0,37,0,0,0,0,0,0,0,0,10,20,3,0,0,0,0,13,1,4,0,0,1,0,0,8,4,15,3,0,10,0,0
"67",0,10,0,23,0,0,13,83,0,22,0,14,0,0,0,17,0,40,48,6,0,0,0,0,0,0,0,5,0,0,0,0,0,26,15,20,0,0,0,0
"68",0,0,0,0,0,0,0,0,0,0,0,0,0,0,0,0,0,5,0,20,0,0,0,0,0,0,0,0,0,0,0,0,0,0,0,0,0,0,0,0
"69",0,0,0,10,0,10,20,0,0,0,0,5,0,0,0,0,0,0,0,0,0,0,0,0,0,0,0,0,0,10,35,0,0,0,0,5,0,5,15,0
"70",0,0,0,1,0,0,0,1,0,0,0,3,0,0,0,1,0,0,0,0,0,0,0,1,0,0,0,1,0,0,0,1,0,0,0,7,0,0,0,1
"71",0,0,0,0,0,0,0,0,0,0,0,0,0,0,0,0,50,0,0,0,0,0,0,0,0,0,0,0,0,0,0,0,10,0,0,0,0,0,0,0
"72",0,3,52,2,23,25,34,4,0,90,51,92,11,28,67,25,0,96,50,94,12,40,37,8,100,82,49,84,54,8,42,32,0,98,46,96,7,34,43,13
"73",57,65,0,62,0,0,0,0,60,26,0,37,0,0,0,0,44,64,0,77,0,0,17,0,0,24,0,33,0,36,18,0,0,43,83,84,0,51,6,0
"74",0,0,0,0,0,0,1,0,0,0,0,5,0,0,0,0,0,81,91,33,0,40,0,0,0,0,25,0,0,0,0,0,0,14,23,0,0,0,0,0
"75",0,100,100,100,50,0,45,0,0,0,0,100,0,0,12,68,100,100,100,78,68,0,29,35,76,70,88,76,77,69,72,26,100,100,65,100,73,0,49,76
"76",0,0,3,0,0,0,0,0,0,0,1,0,0,0,0,0,4,40,79,20,4,3,0,0,0,57,24,4,0,4,0,3,3,56,29,42,0,3,0,3
"77",0,0,0,18,0,0,0,0,0,0,0,12,0,0,0,0,18,59,17,40,0,0,0,0,0,0,0,30,0,0,0,0,0,100,57,71,0,0,0,0
"78",0,0,0,0,0,0,0,0,0,0,0,0,0,0,0,0,0,0,0,0,0,0,0,0,0,0,0,0,0,0,0,0,0,0,0,0,0,0,0,0
"79",0,0,0,0,0,0,0,0,0,0,0,0,0,0,0,0,0,31,52,15,0,0,0,17,0,5,15,0,0,0,0,0,0,0,0,1,0,0,0,0
"80",0,0,6,0,0,0,0,0,0,0,0,0,0,0,0,0,0,0,0,0,0,0,0,0,0,10,7,5,11,1,10,0,0,0,0,0,0,4,0,0
"81",0,0,0,80,0,0,20,0,0,0,0,70,0,0,0,0,0,50,20,40,60,0,0,0,0,20,0,61,0,0,54,0,0,10,10,81,0,0,20,0
"82",0,0,0,0,0,0,0,0,0,0,0,0,0,0,0,0,0,55,4,20,0,0,0,2,4,6,0,1,0,4,0,0,0,27,0,15,0,0,0,0
"83",0,61,1,50,0,8,3,0,0,59,1,50,0,0,1,0,0,40,2,50,0,6,3,1,0,62,6,30,0,41,4,0,0,61,3,50,0,62,2,0
"84",8,13,16,19,12,9,50,5,7,8,13,11,17,16,48,6,7,32,26,57,16,11,50,7,7,11,9,25,15,13,51,7,6,8,16,28,14,15,51,7
"85",NA,NA,NA,NA,NA,NA,NA,NA,NA,NA,NA,NA,NA,NA,NA,NA,NA,NA,NA,NA,NA,NA,NA,NA,NA,NA,NA,NA,NA,NA,NA,NA,NA,NA,NA,NA,NA,NA,NA,NA
"86",NA,NA,NA,NA,NA,NA,NA,NA,NA,NA,NA,NA,NA,NA,NA,NA,NA,NA,NA,NA,NA,NA,NA,NA,NA,NA,NA,NA,NA,NA,NA,NA,NA,NA,NA,NA,NA,NA,NA,NA
"87",NA,NA,NA,NA,NA,NA,NA,NA,NA,NA,NA,NA,NA,NA,NA,NA,NA,NA,NA,NA,NA,NA,NA,NA,NA,NA,NA,NA,NA,NA,NA,NA,NA,NA,NA,NA,NA,NA,NA,NA
"88",0,0,0,0,0,0,0,0,0,0,0,0,0,0,0,0,0,19,0,0,0,0,0,0,0,0,0,0,0,0,0,0,0,5,0,0,0,0,15,0
"89",0,0,0,5,0,0,0,0,0,8,0,8,0,0,0,0,0,18,18,9,0,0,0,0,0,0,0,0,0,0,0,0,0,13,0,12,0,0,0,0
"90",0,8,17,73,0,50,39,0,0,0,0,26,0,0,40,0,0,0,70,3,0,4,1,0,0,0,35,0,8,0,10,0,0,0,52,50,0,29,51,0
"91",0,0,0,0,0,0,0,0,0,0,0,0,0,0,0,0,0,20,60,10,0,0,0,0,0,0,0,0,0,0,0,0,0,0,0,0,0,0,0,0
"92",8,15,29,15,5,8,13,9,6,31,30,10,6,12,15,4,3,72,62,14,4,7,30,10,3,40,40,53,6,15,41,4,3,38,34,9,4,8,30,9
"93",0,0,0,0,0,0,0,0,5,0,0,0,0,0,0,0,0,5,33,16,0,0,0,0,0,0,0,0,0,0,0,0,0,8,0,4,0,0,0,0
"94",0,0,0,0,0,0,0,0,0,0,0,5,0,0,0,0,0,44,23,0,0,0,0,0,0,0,0,4,0,0,0,0,0,32,8,22,0,0,0,0
"95",0,0,0,53,0,0,0,0,13,26,0,0,0,0,0,0,0,34,0,0,0,0,0,0,0,0,0,0,0,0,0,0,0,3,0,0,0,0,0,0
"96",37,0,0,1,0,0,17,0,100,0,0,0,0,0,2,0,92,85,0,83,0,4,85,0,100,2,3,3,0,5,15,0,100,2,0,17,0,6,88,0
"97",3,3,3,6,6,5,7,4,5,4,2,8,8,9,10,4,1,66,76,51,8,7,5,5,3,7,4,5,9,12,8,2,2,17,16,49,6,12,5,3
"98",0,27,0,42,0,0,0,0,62,58,0,0,0,0,0,0,0,47,0,0,0,0,0,0,18,40,24,33,0,0,0,0,0,20,0,22,0,0,0,0
"99",0,0,0,0,0,0,0,0,0,0,0,0,0,0,0,0,0,20,50,15,0,0,0,0,0,0,0,0,0,35,0,0,0,10,0,25,0,0,0,0
"100",0,0,0,5,0,10,15,0,0,0,0,0,0,0,4,0,0,9,8,0,0,0,6,0,0,0,0,2,0,1,5,0,0,7,0,5,0,6,5,0
"101",0,0,0,21,0,0,0,0,0,0,0,33,0,0,0,0,0,19,5,0,0,0,0,0,0,0,0,0,0,0,0,0,0,17,0,21,0,0,0,0
"102",0,5,0,20,0,52,0,0,0,39,0,16,0,14,0,0,0,3,0,0,0,0,0,0,0,10,0,45,0,0,0,0,0,7,0,52,0,48,0,0
"103",0,0,0,0,0,0,0,0,0,0,0,0,0,0,0,0,0,14,0,0,0,0,0,0,0,0,0,0,0,0,0,0,0,19,0,0,0,0,0,0
"104",0,0,100,17,0,0,0,0,0,0,100,0,0,0,0,0,0,30,100,21,0,100,0,0,10,73,100,84,0,0,0,0,0,0,100,76,0,0,0,0
"105",0,0,0,0,0,0,0,0,0,0,0,0,0,0,0,0,0,45,41,46,10,0,0,0,0,0,0,0,0,0,0,0,0,9,0,0,0,0,0,0
"106",0,0,0,0,0,0,0,0,0,0,0,0,0,0,0,0,0,70,40,0,0,0,0,0,0,0,0,0,0,0,0,0,0,80,30,0,0,0,0,0
"107",1,0,8,14,47,42,5,17,4,9,17,16,11,40,3,23,3,9,8,6,17,2,4,10,1,0,2,1,5,91,6,6,17,9,8,2,13,68,2,6
"108",0,0,0,0,0,0,0,0,0,0,0,0,0,0,0,0,0,4,0,0,0,0,0,0,0,5,0,0,0,0,0,0,0,0,0,9,0,0,0,0
"109",0,0,0,0,0,0,0,0,0,0,0,0,0,0,0,0,0,83,73,70,9,0,0,0,0,0,10,40,0,15,14,0,0,19,0,30,0,0,0,0
"110",0,5,0,0,0,6,27,0,0,0,0,0,0,0,0,0,0,0,10,0,0,0,0,0,0,0,0,0,0,0,40,0,0,25,0,0,0,15,58,0
"111",0,0,0,0,0,0,0,0,0,0,0,0,0,0,0,0,0,30,0,0,0,0,0,0,0,0,0,0,0,0,0,0,0,0,0,0,0,0,0,0
"112",0,0,0,0,0,0,0,0,0,0,0,0,0,0,0,0,0,0,0,0,0,0,0,0,0,0,0,0,0,0,0,0,0,0,0,0,0,0,0,0
"113",0,0,0,0,5,0,0,0,0,0,0,0,0,0,0,0,0,0,0,0,0,0,0,0,0,0,0,0,0,0,0,0,0,0,0,0,0,0,0,0
"114",0,0,0,0,0,0,0,0,0,0,0,0,0,0,0,0,0,0,14,0,0,0,0,0,0,0,0,0,0,0,0,0,0,0,0,0,0,0,0,0
"115",0,0,0,0,0,0,0,0,0,0,0,0,0,0,0,0,0,0,0,0,0,0,0,0,0,0,0,0,0,0,0,0,0,0,0,0,0,0,0,0
"116",0,0,0,0,0,0,0,0,0,0,0,21,0,0,0,0,0,36,0,0,0,0,0,0,0,0,0,0,0,8,0,0,0,0,0,2,0,60,0,0
"117",0,84,0,81,0,0,0,0,0,100,0,61,0,0,0,0,0,0,100,100,0,0,0,0,0,0,0,0,0,0,0,0,0,100,87,72,0,0,0,0
"118",0,0,0,0,0,0,0,0,0,0,0,0,0,0,0,0,0,14,25,10,0,0,0,0,0,0,0,0,0,0,0,0,0,0,0,0,0,0,0,0
"119",0,0,0,0,0,0,0,0,31,0,0,0,0,0,0,0,0,16,3,0,0,0,0,0,0,1,0,0,0,0,0,0,0,3,0,0,0,0,0,0
"120",4,5,3,9,3,3,5,3,10,5,6,27,7,5,5,2,9,7,35,34,66,5,5,8,8,6,4,21,9,6,6,6,9,5,11,14,5,6,5,6
"121",0,0,0,0,0,0,0,0,0,0,0,0,0,0,0,0,0,55,30,25,0,0,0,0,0,15,0,5,0,0,0,0,0,10,0,0,0,0,0,0
"122",13,28,18,32,5,14,14,21,12,29,13,27,10,16,13,14,12,26,20,31,14,13,23,12,8,47,14,31,16,17,22,15,9,31,22,29,14,19,32,21
"123",0,0,0,0,0,0,0,0,0,0,5,40,0,0,0,0,0,100,70,50,0,0,0,0,0,0,0,0,0,0,0,0,0,0,0,50,0,0,0,0
"124",0,0,0,0,0,8,0,0,0,0,5,0,0,7,1,0,0,71,77,0,0,7,7,0,0,89,7,0,0,3,0,0,0,65,49,0,0,2,0,0
"125",0,0,0,0,0,0,0,0,0,5,0,0,0,0,0,0,0,10,0,0,0,0,0,0,0,0,0,0,0,0,0,0,0,0,0,0,0,0,0,0
"126",0,0,0,0,0,0,0,0,0,0,0,0,0,0,0,0,0,83,87,57,0,0,0,0,0,0,0,35,0,15,31,0,0,11,24,0,0,0,0,0
"127",0,0,0,0,0,0,0,0,0,0,0,0,0,0,0,0,0,0,0,0,0,0,0,0,0,0,0,0,0,0,0,0,0,0,0,0,0,0,0,0
"128",0,0,0,0,0,0,0,0,0,0,0,0,0,0,0,0,0,70,40,58,0,0,0,0,0,5,0,0,0,0,0,0,0,50,50,70,0,0,0,0
"129",NA,NA,NA,NA,NA,NA,NA,NA,NA,NA,NA,NA,NA,NA,NA,NA,NA,NA,NA,NA,NA,NA,NA,NA,NA,NA,NA,NA,NA,NA,NA,NA,NA,NA,NA,NA,NA,NA,NA,NA
"130",NA,NA,NA,NA,NA,NA,NA,NA,NA,NA,NA,NA,NA,NA,NA,NA,NA,NA,NA,NA,NA,NA,NA,NA,NA,NA,NA,NA,NA,NA,NA,NA,NA,NA,NA,NA,NA,NA,NA,NA
"131",NA,NA,NA,NA,NA,NA,NA,NA,NA,NA,NA,NA,NA,NA,NA,NA,NA,NA,NA,NA,NA,NA,NA,NA,NA,NA,NA,NA,NA,NA,NA,NA,NA,NA,NA,NA,NA,NA,NA,NA
"132",0,0,0,0,0,0,0,0,0,0,0,0,0,0,0,0,0,25,10,0,0,0,0,0,0,0,0,0,0,0,0,0,0,20,0,0,0,0,0,0
"133",NA,NA,NA,NA,NA,NA,NA,NA,NA,NA,NA,NA,NA,NA,NA,NA,NA,NA,NA,NA,NA,NA,NA,NA,NA,NA,NA,NA,NA,NA,NA,NA,NA,NA,NA,NA,NA,NA,NA,NA
"134",NA,NA,NA,NA,NA,NA,NA,NA,NA,NA,NA,NA,NA,NA,NA,NA,NA,NA,NA,NA,NA,NA,NA,NA,NA,NA,NA,NA,NA,NA,NA,NA,NA,NA,NA,NA,NA,NA,NA,NA
"135",NA,NA,NA,NA,NA,NA,NA,NA,NA,NA,NA,NA,NA,NA,NA,NA,NA,NA,NA,NA,NA,NA,NA,NA,NA,NA,NA,NA,NA,NA,NA,NA,NA,NA,NA,NA,NA,NA,NA,NA
"136",NA,NA,NA,NA,NA,NA,NA,NA,NA,NA,NA,NA,NA,NA,NA,NA,NA,NA,NA,NA,NA,NA,NA,NA,NA,NA,NA,NA,NA,NA,NA,NA,NA,NA,NA,NA,NA,NA,NA,NA
"137",NA,NA,NA,NA,NA,NA,NA,NA,NA,NA,NA,NA,NA,NA,NA,NA,NA,NA,NA,NA,NA,NA,NA,NA,NA,NA,NA,NA,NA,NA,NA,NA,NA,NA,NA,NA,NA,NA,NA,NA
"138",NA,NA,NA,NA,NA,NA,NA,NA,NA,NA,NA,NA,NA,NA,NA,NA,NA,NA,NA,NA,NA,NA,NA,NA,NA,NA,NA,NA,NA,NA,NA,NA,NA,NA,NA,NA,NA,NA,NA,NA
"139",NA,NA,NA,NA,NA,NA,NA,NA,NA,NA,NA,NA,NA,NA,NA,NA,NA,NA,NA,NA,NA,NA,NA,NA,NA,NA,NA,NA,NA,NA,NA,NA,NA,NA,NA,NA,NA,NA,NA,NA
"140",NA,NA,NA,NA,NA,NA,NA,NA,NA,NA,NA,NA,NA,NA,NA,NA,NA,NA,NA,NA,NA,NA,NA,NA,NA,NA,NA,NA,NA,NA,NA,NA,NA,NA,NA,NA,NA,NA,NA,NA
"141",NA,NA,NA,NA,NA,NA,NA,NA,NA,NA,NA,NA,NA,NA,NA,NA,NA,NA,NA,NA,NA,NA,NA,NA,NA,NA,NA,NA,NA,NA,NA,NA,NA,NA,NA,NA,NA,NA,NA,NA
"142",NA,NA,NA,NA,NA,NA,NA,NA,NA,NA,NA,NA,NA,NA,NA,NA,NA,NA,NA,NA,NA,NA,NA,NA,NA,NA,NA,NA,NA,NA,NA,NA,NA,NA,NA,NA,NA,NA,NA,NA
"143",NA,NA,NA,NA,NA,NA,NA,NA,NA,NA,NA,NA,NA,NA,NA,NA,NA,NA,NA,NA,NA,NA,NA,NA,NA,NA,NA,NA,NA,NA,NA,NA,NA,NA,NA,NA,NA,NA,NA,NA
"144",NA,NA,NA,NA,NA,NA,NA,NA,NA,NA,NA,NA,NA,NA,NA,NA,NA,NA,NA,NA,NA,NA,NA,NA,NA,NA,NA,NA,NA,NA,NA,NA,NA,NA,NA,NA,NA,NA,NA,NA
"145",NA,NA,NA,NA,NA,NA,NA,NA,NA,NA,NA,NA,NA,NA,NA,NA,NA,NA,NA,NA,NA,NA,NA,NA,NA,NA,NA,NA,NA,NA,NA,NA,NA,NA,NA,NA,NA,NA,NA,NA
"146",0,0,1,0,0,0,0,0,0,0,1,0,0,0,0,0,0,29,1,0,0,0,0,0,0,0,1,0,0,0,0,0,0,10,1,0,0,0,0,0
"147",0,0,0,0,0,0,0,0,0,30,0,15,0,0,0,0,0,20,30,35,0,0,0,0,0,0,0,5,0,0,0,0,0,6,5,10,0,0,0,0
"148",0,0,0,0,0,0,0,0,0,0,0,0,0,0,0,0,0,0,30,0,0,0,0,0,0,0,0,0,0,0,0,0,0,0,0,0,0,0,2,0
"149",0,23,0,66,0,47,10,0,0,0,0,5,0,0,0,0,0,19,0,23,0,0,21,0,0,5,0,0,0,0,0,0,0,21,0,36,0,0,15,0
"150",0,2,17,18,8,16,0,0,0,0,6,21,75,17,0,0,41,27,12,27,14,40,0,0,0,18,28,15,0,18,0,0,0,0,9,55,0,0,0,0
"151",10,10,10,20,5,5,10,5,5,5,5,50,5,10,10,5,10,55,45,70,0,10,15,5,10,20,10,25,15,15,10,5,0,50,10,55,5,10,45,10
"152",NA,NA,NA,NA,NA,NA,NA,NA,NA,NA,NA,NA,NA,NA,NA,NA,NA,NA,NA,NA,NA,NA,NA,NA,NA,NA,NA,NA,NA,NA,NA,NA,NA,NA,NA,NA,NA,NA,NA,NA
"153",0,0,0,0,0,0,0,0,0,0,0,0,0,0,0,0,0,83,59,56,0,4,0,0,0,0,0,0,0,0,0,0,0,4,0,0,0,0,0,0
"154",NA,NA,NA,NA,NA,NA,NA,NA,NA,NA,NA,NA,NA,NA,NA,NA,NA,NA,NA,NA,NA,NA,NA,NA,NA,NA,NA,NA,NA,NA,NA,NA,NA,NA,NA,NA,NA,NA,NA,NA
"155",NA,NA,NA,NA,NA,NA,NA,NA,NA,NA,NA,NA,NA,NA,NA,NA,NA,NA,NA,NA,NA,NA,NA,NA,NA,NA,NA,NA,NA,NA,NA,NA,NA,NA,NA,NA,NA,NA,NA,NA
"156",NA,NA,NA,NA,NA,NA,NA,NA,NA,NA,NA,NA,NA,NA,NA,NA,NA,NA,NA,NA,NA,NA,NA,NA,NA,NA,NA,NA,NA,NA,NA,NA,NA,NA,NA,NA,NA,NA,NA,NA
"157",NA,NA,NA,NA,NA,NA,NA,NA,NA,NA,NA,NA,NA,NA,NA,NA,NA,NA,NA,NA,NA,NA,NA,NA,NA,NA,NA,NA,NA,NA,NA,NA,NA,NA,NA,NA,NA,NA,NA,NA
